<?xml version="1.0" encoding="UTF-8"?>
<DxDesigner_Configuration_file version="1.2" name="DxDesigner.xml">
  <DxDesigner>
    <SETTINGS>
      <key name="TIPOFTHEDAYTIMESTAMP" value="Mon Sep 17 14:35:42 2012"/>
      <key name="TIPOFTHEDAYFILEPOS" value="579"/>
      <key name="MRU_PROJECTS">
        <value>C:\MGTraining\projects\DXD\DXD_1.prj|DX</value>
        <value>C:\MGTraining\projects\PRACTICE\PRACTICE.prj</value>
        <value>C:\MGTraining\projects\DXD\DXD.prj</value>
      </key>
    </SETTINGS>
  </DxDesigner>
  <ConstraintsEditor>
    <SETTINGS>
      <key name="AttributeTooltips" value="1"/>
      <key name="ComponentDisplayFormat" value="$NAME"/>
      <key name="ConstraintsDisplay" value="1"/>
      <key name="ExpandBuses" value="1"/>
      <key name="HighlightEnabled" value="1"/>
      <key name="HighlightLineOffset" value="2"/>
      <key name="HighlightLineThickness" value="4"/>
      <key name="NetComsLimit" value="10"/>
      <key name="NetDisplayFormat" value="$NAME"/>
      <key name="ScrollableTabs" value="0"/>
    </SETTINGS>
  </ConstraintsEditor>
  <PackagerUI>
    <SETTINGS>
      <key name="PDBOptions" value="0"/>
      <key name="UpdatePDB" value="0"/>
      <key name="AlphaOnlyRef" value="0"/>
      <key name="LogCdb" value="0"/>
      <key name="FillRefDesGap" value="1"/>
      <key name="ReportSinglePinNets" value="0"/>
      <key name="Operation" value="0"/>
      <key name="Optimization" value="0"/>
      <key name="DisableBrowse" value="0"/>
    </SETTINGS>
  </PackagerUI>
  <DxDatabook>
    <DATASOURCES>
      <source name="DxDClass">
        <key name="ConnectionString" value="ODBC;ALIAS=DxDClass;CNS={ODBC;DSN=DxDClass;};DDS={Driver do Microsoft Access (*.mdb)};"/>
        <key name="PasswordRequired" value="0"/>
      </source>
      <key name="sources">
        <value>DxDClass</value>
      </key>
    </DATASOURCES>
  </DxDatabook>
</DxDesigner_Configuration_file>
